frame_index,cpu_render_ms,cpu_cross_adapter_ms,cpu_end_to_end_ms,gpu_render_ms,gpu_copy_ms,estimated_bandwidth_gbs,cross_adapter_enabled,transfer_succeeded,notes
0,2.0327,0.0000,2.0341,1.8000,0.0000,0.0000,0,0,"Cross-adapter path disabled by configuration. | camera=viewOrigin=(0, 1.5, 5), jitter=(0, 0.5)"
1,1.9248,0.0000,1.9267,1.8000,0.0000,0.0000,0,0,"Cross-adapter path disabled by configuration. | camera=viewOrigin=(0.0799966, 1.5, 4.99936), jitter=(0.103252, 0.481618)"
2,1.8856,0.0000,1.8864,1.8000,0.0000,0.0000,0,0,"Cross-adapter path disabled by configuration. | camera=viewOrigin=(0.159973, 1.5, 4.99744), jitter=(0.202052, 0.427823)"
3,1.8978,0.0000,1.8991,1.8000,0.0000,0.0000,0,0,"Cross-adapter path disabled by configuration. | camera=viewOrigin=(0.239908, 1.5, 4.99424), jitter=(0.292143, 0.34257)"
4,1.9121,0.0000,1.9128,1.8000,0.0000,0.0000,0,0,"Cross-adapter path disabled by configuration. | camera=viewOrigin=(0.319782, 1.5, 4.98976), jitter=(0.36964, 0.232129)"
5,1.9148,0.0000,1.9159,1.8000,0.0000,0.0000,0,0,"Cross-adapter path disabled by configuration. | camera=viewOrigin=(0.399573, 1.5, 4.98401), jitter=(0.431202, 0.104619)"
6,1.9078,0.0000,1.9094,1.8000,0.0000,0.0000,0,0,"Cross-adapter path disabled by configuration. | camera=viewOrigin=(0.479263, 1.5, 4.97698), jitter=(0.474176, -0.0305827)"
7,1.9097,0.0000,1.9108,1.8000,0.0000,0.0000,0,0,"Cross-adapter path disabled by configuration. | camera=viewOrigin=(0.55883, 1.5, 4.96867), jitter=(0.496709, -0.163536)"
8,1.8785,0.0000,1.8796,1.8000,0.0000,0.0000,0,0,"Cross-adapter path disabled by configuration. | camera=viewOrigin=(0.638254, 1.5, 4.9591), jitter=(0.49783, -0.284465)"
9,1.8830,0.0000,1.8840,1.8000,0.0000,0.0000,0,0,"Cross-adapter path disabled by configuration. | camera=viewOrigin=(0.717514, 1.5, 4.94825), jitter=(0.47749, -0.384477)"
10,1.8920,0.0000,1.8928,1.8000,0.0000,0.0000,0,0,"Cross-adapter path disabled by configuration. | camera=viewOrigin=(0.796591, 1.5, 4.93614), jitter=(0.436566, -0.456219)"
11,1.8927,0.0000,1.8935,1.8000,0.0000,0.0000,0,0,"Cross-adapter path disabled by configuration. | camera=viewOrigin=(0.875464, 1.5, 4.92276), jitter=(0.376823, -0.494416)"
12,1.8885,0.0000,1.8895,1.8000,0.0000,0.0000,0,0,"Cross-adapter path disabled by configuration. | camera=viewOrigin=(0.954113, 1.5, 4.90812), jitter=(0.300836, -0.496259)"
13,1.8975,0.0000,1.8986,1.8000,0.0000,0.0000,0,0,"Cross-adapter path disabled by configuration. | camera=viewOrigin=(1.03252, 1.5, 4.89223), jitter=(0.21188, -0.461612)"
14,1.8871,0.0000,1.8877,1.8000,0.0000,0.0000,0,0,"Cross-adapter path disabled by configuration. | camera=viewOrigin=(1.11066, 1.5, 4.87508), jitter=(0.11379, -0.393024)"
15,1.8858,0.0000,1.8864,1.8000,0.0000,0.0000,0,0,"Cross-adapter path disabled by configuration. | camera=viewOrigin=(1.18851, 1.5, 4.85669), jitter=(0.0107955, -0.295537)"
16,1.8874,0.0000,1.8887,1.8000,0.0000,0.0000,0,0,"Cross-adapter path disabled by configuration. | camera=viewOrigin=(1.26606, 1.5, 4.83705), jitter=(-0.0926648, -0.176319)"
17,1.8967,0.0000,1.8978,1.8000,0.0000,0.0000,0,0,"Cross-adapter path disabled by configuration. | camera=viewOrigin=(1.34329, 1.5, 4.81618), jitter=(-0.192131, -0.044137)"
18,1.9078,0.0000,1.9090,1.8000,0.0000,0.0000,0,0,"Cross-adapter path disabled by configuration. | camera=viewOrigin=(1.42018, 1.5, 4.79407), jitter=(-0.283314, 0.0912905)"
19,1.8963,0.0000,1.8973,1.8000,0.0000,0.0000,0,0,"Cross-adapter path disabled by configuration. | camera=viewOrigin=(1.4967, 1.5, 4.77073), jitter=(-0.362284, 0.220006)"
20,1.9065,0.0000,1.9074,1.8000,0.0000,0.0000,0,0,"Cross-adapter path disabled by configuration. | camera=viewOrigin=(1.57283, 1.5, 4.74618), jitter=(-0.425637, 0.332544)"
21,1.8887,0.0000,1.8894,1.8000,0.0000,0.0000,0,0,"Cross-adapter path disabled by configuration. | camera=viewOrigin=(1.64857, 1.5, 4.72041), jitter=(-0.470641, 0.42063)"
22,1.8896,0.0000,1.8906,1.8000,0.0000,0.0000,0,0,"Cross-adapter path disabled by configuration. | camera=viewOrigin=(1.72388, 1.5, 4.69343), jitter=(-0.495357, 0.477788)"
23,1.9092,0.0000,1.9107,1.8000,0.0000,0.0000,0,0,"Cross-adapter path disabled by configuration. | camera=viewOrigin=(1.79875, 1.5, 4.66524), jitter=(-0.498719, 0.499815)"
24,1.9418,0.0000,1.9435,1.8000,0.0000,0.0000,0,0,"Cross-adapter path disabled by configuration. | camera=viewOrigin=(1.87316, 1.5, 4.63587), jitter=(-0.480581, 0.485091)"
25,1.8929,0.0000,1.8939,1.8000,0.0000,0.0000,0,0,"Cross-adapter path disabled by configuration. | camera=viewOrigin=(1.94709, 1.5, 4.6053), jitter=(-0.441727, 0.434699)"
26,1.9242,0.0000,1.9259,1.8000,0.0000,0.0000,0,0,"Cross-adapter path disabled by configuration. | camera=viewOrigin=(2.02052, 1.5, 4.57356), jitter=(-0.383831, 0.352343)"
27,1.8861,0.0000,1.8869,1.8000,0.0000,0.0000,0,0,"Cross-adapter path disabled by configuration. | camera=viewOrigin=(2.09344, 1.5, 4.54065), jitter=(-0.309389, 0.244081)"
28,1.8856,0.0000,1.8862,1.8000,0.0000,0.0000,0,0,"Cross-adapter path disabled by configuration. | camera=viewOrigin=(2.16582, 1.5, 4.50658), jitter=(-0.221609, 0.117871)"
29,1.9235,0.0000,1.9252,1.8000,0.0000,0.0000,0,0,"Cross-adapter path disabled by configuration. | camera=viewOrigin=(2.23764, 1.5, 4.47135), jitter=(-0.124276, -0.0170059)"
30,1.9394,0.0000,1.9411,1.8000,0.0000,0.0000,0,0,"Cross-adapter path disabled by configuration. | camera=viewOrigin=(2.3089, 1.5, 4.43497), jitter=(-0.0215859, -0.150632)"
31,1.9231,0.0000,1.9250,1.8000,0.0000,0.0000,0,0,"Cross-adapter path disabled by configuration. | camera=viewOrigin=(2.37956, 1.5, 4.39747), jitter=(0.0820348, -0.273183)"
32,1.9035,0.0000,1.9051,1.8000,0.0000,0.0000,0,0,"Cross-adapter path disabled by configuration. | camera=viewOrigin=(2.44961, 1.5, 4.35883), jitter=(0.182119, -0.375646)"
33,1.8961,0.0000,1.8972,1.8000,0.0000,0.0000,0,0,"Cross-adapter path disabled by configuration. | camera=viewOrigin=(2.51903, 1.5, 4.31908), jitter=(0.274353, -0.450489)"
34,1.9249,0.0000,1.9265,1.8000,0.0000,0.0000,0,0,"Cross-adapter path disabled by configuration. | camera=viewOrigin=(2.58781, 1.5, 4.27823), jitter=(0.354759, -0.492208)"
35,1.9325,0.0000,1.9341,1.8000,0.0000,0.0000,0,0,"Cross-adapter path disabled by configuration. | camera=viewOrigin=(2.65593, 1.5, 4.23628), jitter=(0.419873, -0.497735)"
36,1.9154,0.0000,1.9169,1.8000,0.0000,0.0000,0,0,"Cross-adapter path disabled by configuration. | camera=viewOrigin=(2.72337, 1.5, 4.19324), jitter=(0.466886, -0.466664)"
37,1.9161,0.0000,1.9179,1.8000,0.0000,0.0000,0,0,"Cross-adapter path disabled by configuration. | camera=viewOrigin=(2.79011, 1.5, 4.14913), jitter=(0.493773, -0.40128)"
38,1.9113,0.0000,1.9128,1.8000,0.0000,0.0000,0,0,"Cross-adapter path disabled by configuration. | camera=viewOrigin=(2.85614, 1.5, 4.10396), jitter=(0.499375, -0.30639)"
39,1.9037,0.0000,1.9052,1.8000,0.0000,0.0000,0,0,"Cross-adapter path disabled by configuration. | camera=viewOrigin=(2.92143, 1.5, 4.05774), jitter=(0.483449, -0.188972)"
40,1.9049,0.0000,1.9062,1.8000,0.0000,0.0000,0,0,"Cross-adapter path disabled by configuration. | camera=viewOrigin=(2.98598, 1.5, 4.01048), jitter=(0.446682, -0.0576586)"
41,1.9396,0.0000,1.9415,1.8000,0.0000,0.0000,0,0,"Cross-adapter path disabled by configuration. | camera=viewOrigin=(3.04976, 1.5, 3.96219), jitter=(0.39066, 0.0778943)"
42,1.9299,0.0000,1.9312,1.8000,0.0000,0.0000,0,0,"Cross-adapter path disabled by configuration. | camera=viewOrigin=(3.11276, 1.5, 3.91289), jitter=(0.317797, 0.20772)"
43,1.9889,0.0000,1.9915,1.8000,0.0000,0.0000,0,0,"Cross-adapter path disabled by configuration. | camera=viewOrigin=(3.17497, 1.5, 3.86259), jitter=(0.231235, 0.322272)"
44,1.9264,0.0000,1.9369,1.8000,0.0000,0.0000,0,0,"Cross-adapter path disabled by configuration. | camera=viewOrigin=(3.23636, 1.5, 3.8113), jitter=(0.134704, 0.413127)"
45,2.0188,0.0000,2.0204,1.8000,0.0000,0.0000,0,0,"Cross-adapter path disabled by configuration. | camera=viewOrigin=(3.29692, 1.5, 3.75903), jitter=(0.0323663, 0.473606)"
46,1.9584,0.0000,1.9600,1.8000,0.0000,0.0000,0,0,"Cross-adapter path disabled by configuration. | camera=viewOrigin=(3.35664, 1.5, 3.7058), jitter=(-0.0713664, 0.499261)"
47,1.9418,0.0000,1.9432,1.8000,0.0000,0.0000,0,0,"Cross-adapter path disabled by configuration. | camera=viewOrigin=(3.4155, 1.5, 3.65162), jitter=(-0.172023, 0.488206)"
48,1.9357,0.0000,1.9369,1.8000,0.0000,0.0000,0,0,"Cross-adapter path disabled by configuration. | camera=viewOrigin=(3.47349, 1.5, 3.59651), jitter=(-0.265263, 0.441254)"
49,1.9146,0.0000,1.9160,1.8000,0.0000,0.0000,0,0,"Cross-adapter path disabled by configuration. | camera=viewOrigin=(3.53059, 1.5, 3.54047), jitter=(-0.347069, 0.361856)"
50,2.3243,0.0000,2.3305,1.8000,0.0000,0.0000,0,0,"Cross-adapter path disabled by configuration. | camera=viewOrigin=(3.58678, 1.5, 3.48353), jitter=(-0.413913, 0.255852)"
51,1.9077,0.0000,1.9090,1.8000,0.0000,0.0000,0,0,"Cross-adapter path disabled by configuration. | camera=viewOrigin=(3.64206, 1.5, 3.4257), jitter=(-0.462914, 0.131035)"
52,1.9292,0.0000,1.9307,1.8000,0.0000,0.0000,0,0,"Cross-adapter path disabled by configuration. | camera=viewOrigin=(3.6964, 1.5, 3.36699), jitter=(-0.49196, -0.0034165)"
53,1.8996,0.0000,1.9008,1.8000,0.0000,0.0000,0,0,"Cross-adapter path disabled by configuration. | camera=viewOrigin=(3.74979, 1.5, 3.30742), jitter=(-0.499798, -0.137617)"
54,1.9231,0.0000,1.9246,1.8000,0.0000,0.0000,0,0,"Cross-adapter path disabled by configuration. | camera=viewOrigin=(3.80223, 1.5, 3.247), jitter=(-0.486091, -0.261699)"
55,1.8956,0.0000,1.8970,1.8000,0.0000,0.0000,0,0,"Cross-adapter path disabled by configuration. | camera=viewOrigin=(3.85369, 1.5, 3.18576), jitter=(-0.451429, -0.366538)"
56,1.9621,0.0000,1.9635,1.8000,0.0000,0.0000,0,0,"Cross-adapter path disabled by configuration. | camera=viewOrigin=(3.90417, 1.5, 3.12369), jitter=(-0.397307, -0.444426)"
57,1.8965,0.0000,1.8978,1.8000,0.0000,0.0000,0,0,"Cross-adapter path disabled by configuration. | camera=viewOrigin=(3.95365, 1.5, 3.06083), jitter=(-0.326057, -0.489636)"
58,1.9335,0.0000,1.9352,1.8000,0.0000,0.0000,0,0,"Cross-adapter path disabled by configuration. | camera=viewOrigin=(4.00211, 1.5, 2.99718), jitter=(-0.240752, -0.498843)"
59,1.8959,0.0000,1.8971,1.8000,0.0000,0.0000,0,0,"Cross-adapter path disabled by configuration. | camera=viewOrigin=(4.04955, 1.5, 2.93277), jitter=(-0.145069, -0.471371)"
